[
    {
        "end": "2013/11/23 11:00",
        "start": "2013/11/23 10:30",
        "title": "漢方の魅力"
    },
    {
        "end": "2013/11/23 11:45",
        "start": "2013/11/23 11:15",
        "title": "Access to Materials"
    },
    {
        "end": "2013/11/23 15:00",
        "start": "2013/11/23 12:00",
        "title": "第7回SFC学生の研究・活動発信"
    },
    {
        "end": "2013/11/23 17:30",
        "start": "2013/11/23 15:30",
        "title": "第4回スマホ未来コンテスト最終審査会・表彰式"
    },
    {
        "end": "2013/11/23 12:15",
        "start": "2013/11/23 11:15",
        "title": "真の起業家教育を設計する"
    },
    {
        "end": "2013/11/23 14:00",
        "start": "2013/11/23 12:30",
        "title": "ICTドリブンな英語教育の最前線"
    },
    {
        "end": "2013/11/23 14:45",
        "start": "2013/11/23 14:15",
        "title": "日本のグローバル化のあり方"
    },
    {
        "end": "2013/11/23 17:15",
        "start": "2013/11/23 15:45",
        "title": "コンゴ民主共和国アカデックス小学校プロジェクト"
    },
    {
        "end": "2013/11/23 18:00",
        "start": "2013/11/23 17:30",
        "title": "第7回SFC学生の研究・活動発信表彰式"
    }
]